commit,author_date,author,subject,status,path,sha1
62c5f9649881b76acc8e2cd4220f9bc0d4dbfb3c,2025-03-04T13:00:36+03:00,niiroobiro,Add files via upload,M,eng/.gitbook/assets/tanzlii--Law lib 1.png,d338108de7eba4e4a9b41dbc9f5192c1013d4795
9f4aade6796b9650d04aeb0b83662bcb4820ebf2,2025-03-04T14:50:14+03:00,niiroobiro,Add files via upload,M,eng/.gitbook/assets/tanzlii--Law lib 1 (1).png,56f3a5e389312201f333cf429251ae420a8d605a
da6697962a77999bb7cabe246d70922fd8157317,2025-03-06T10:45:08+03:00,niiroobiro,Add files via upload,M,eng/.gitbook/assets/tanzlii--Law lib 2 (1).png,5a8c17fb81afeaa014a62b46099acf9cea2d08a9
c13d68f301deaf56f897d4940ae694a00f3abdcb,2025-03-06T10:47:15+03:00,niiroobiro,Add files via upload,M,eng/.gitbook/assets/tanzlii--Law lib 3 (1).png,3e6cf898b85cc4a46fd54ff757e7549b3349d4aa
10c065d8054fe260760cda6425483215c14131a7,2025-03-06T11:19:55+03:00,niiroobiro,Add files via upload,M,eng/.gitbook/assets/tanzlii--9th 2.png,750c16b9aaea005df363eacd7759d5dd5756b0cc
feb3a1777c07ab798afa7a37bf02a81c01f1fbfb,2025-03-06T11:20:56+03:00,niiroobiro,Add files via upload,M,eng/.gitbook/assets/tanzlii--9th 3.png,c8df15d2d8f28cd19e26b15af74625f60cec99a9
f0e0e6436c937d84f6693e44b22a880d649de188,2025-03-06T11:21:47+03:00,niiroobiro,Add files via upload,M,eng/.gitbook/assets/tanzlii--LL alerts.png,7ff73d56602a43bb2aa2501bf3fb66fe32a03189
f1ea0378236599ee642d097900e9ca41749c727e,2025-03-06T12:26:57+03:00,niiroobiro,Add files via upload,M,eng/.gitbook/assets/tanzlii--Law Lib 10.png,a0aafd59bc9b76c4e04912843d35b3b76f1d0ec5
f1ea0378236599ee642d097900e9ca41749c727e,2025-03-06T12:26:57+03:00,niiroobiro,Add files via upload,M,eng/.gitbook/assets/tanzlii--Law Lib 7.png,a0f857b45969850e4560660ceecf1c2863526dcc
f1ea0378236599ee642d097900e9ca41749c727e,2025-03-06T12:26:57+03:00,niiroobiro,Add files via upload,M,eng/.gitbook/assets/tanzlii--Law Lib 8.png,f9edfdf5afbf21034bc6ed9bf950e3c8a07e6668
f1ea0378236599ee642d097900e9ca41749c727e,2025-03-06T12:26:57+03:00,niiroobiro,Add files via upload,M,eng/.gitbook/assets/tanzlii--Law Lib 9.png,50d369cde959e530d3ac330c48a82286b209905b
8a2610f7703489dba1028be7ea2c862eb8366722,2025-03-06T12:34:21+03:00,niiroobiro,Add files via upload,M,eng/.gitbook/assets/tanzlii--judges.png,c43b30a656cd00c92d4aa6e03ce3db4d351f3b0e
8a2610f7703489dba1028be7ea2c862eb8366722,2025-03-06T12:34:21+03:00,niiroobiro,Add files via upload,M,eng/.gitbook/assets/tanzlii--year court.png,1fc99d6611f68b205c36686504f0e7335e68d736
6a4e11f31b63ae1d815f8bfa3e0b5c4f1f217b10,2025-03-06T13:15:41+03:00,niiroobiro,Add files via upload,M,eng/.gitbook/assets/tanzlii--Law lib 4.png,fd53920c29de502a13f22d19c3698b5003d42ea2
6a4e11f31b63ae1d815f8bfa3e0b5c4f1f217b10,2025-03-06T13:15:41+03:00,niiroobiro,Add files via upload,M,eng/.gitbook/assets/tanzlii--Law lib 5.png,782b25380d6c1e750c9f01145351d4cc35f76ee8
6a4e11f31b63ae1d815f8bfa3e0b5c4f1f217b10,2025-03-06T13:15:41+03:00,niiroobiro,Add files via upload,M,eng/.gitbook/assets/tanzlii--Law lib 6.png,650e04698fa9648ea0cadc3ae8380c7de5e9a973
ac64e3a7457f3d84f668c1f43d878702de69c172,2025-03-06T13:29:02+03:00,niiroobiro,Add files via upload,M,eng/.gitbook/assets/tanzlii--Save doc 1.png,bd3d9341e91111fc7525359ae96c3cfb80b3aaba
ac64e3a7457f3d84f668c1f43d878702de69c172,2025-03-06T13:29:02+03:00,niiroobiro,Add files via upload,M,eng/.gitbook/assets/tanzlii--TOC.png,9d4b27c282c9a4630842449625101eab20512a74
ac64e3a7457f3d84f668c1f43d878702de69c172,2025-03-06T13:29:02+03:00,niiroobiro,Add files via upload,M,eng/.gitbook/assets/tanzlii--save doc 2.png,85dd476905628af5ef1c17f8aec79f79e728d490
ac64e3a7457f3d84f668c1f43d878702de69c172,2025-03-06T13:29:02+03:00,niiroobiro,Add files via upload,M,eng/.gitbook/assets/tanzlii--save doc 3.png,92d9f13e2ff7f5310d98f9c6f19423509d724b00
ac64e3a7457f3d84f668c1f43d878702de69c172,2025-03-06T13:29:02+03:00,niiroobiro,Add files via upload,M,eng/.gitbook/assets/tanzlii--save doc 4.png,649659819fe1f863e2cc0981c8ac31e07cd3ec83
0984d7c454fb93d1375d21c72f5dcd6203f32675,2025-03-07T13:43:57+03:00,niiroobiro,Add files via upload,A,eng/.gitbook/assets/tanzlii--IMG_0226.png,30d4bc03d60aaee1a77ae06d9be67767ae178e8f
0984d7c454fb93d1375d21c72f5dcd6203f32675,2025-03-07T13:43:57+03:00,niiroobiro,Add files via upload,A,eng/.gitbook/assets/tanzlii--IMG_0227.png,dfa16e5d794580d68c4c4afe0da3a9273734869b
0984d7c454fb93d1375d21c72f5dcd6203f32675,2025-03-07T13:43:57+03:00,niiroobiro,Add files via upload,A,eng/.gitbook/assets/tanzlii--IMG_0228.png,d862013bd7bb96d29dff5cec556e2cc0ededce8d
0984d7c454fb93d1375d21c72f5dcd6203f32675,2025-03-07T13:43:57+03:00,niiroobiro,Add files via upload,M,eng/.gitbook/assets/tanzlii--legislation 1.png,0dc291b3bd23a4df0c0dcc6314355c27ac196f9a
0984d7c454fb93d1375d21c72f5dcd6203f32675,2025-03-07T13:43:57+03:00,niiroobiro,Add files via upload,M,eng/.gitbook/assets/tanzlii--legislation 2.png,2e26eab0845642866a67302de8b018b8593c89b5
0984d7c454fb93d1375d21c72f5dcd6203f32675,2025-03-07T13:43:57+03:00,niiroobiro,Add files via upload,M,eng/.gitbook/assets/tanzlii--legislation 3.png,803eb8bce3fe11315b7d1b6cc2960fe24f9bdc68
0984d7c454fb93d1375d21c72f5dcd6203f32675,2025-03-07T13:43:57+03:00,niiroobiro,Add files via upload,M,eng/.gitbook/assets/tanzlii--legislation 4.png,5ba0e0aea43b371eb65e439d5d8fd40a87ae83c4
0984d7c454fb93d1375d21c72f5dcd6203f32675,2025-03-07T13:43:57+03:00,niiroobiro,Add files via upload,M,eng/.gitbook/assets/tanzlii--legislation 5.png,fa229693eb236dd53dbf0ad9f5190cc2754ead55
0984d7c454fb93d1375d21c72f5dcd6203f32675,2025-03-07T13:43:57+03:00,niiroobiro,Add files via upload,M,eng/.gitbook/assets/tanzlii--legislation 6.png,da59da3dfd53296b0c44f863a82842034d0b0ecd
38f85d8e1a8df136853d16d5c69b4eff14b9af22,2025-03-07T16:31:02+03:00,niiroobiro,Add files via upload,A,eng/.gitbook/assets/tanzlii--IMG_0235 2 (2).png,77881343da0a0650fb333278e55b742fc3eef5b5
38f85d8e1a8df136853d16d5c69b4eff14b9af22,2025-03-07T16:31:02+03:00,niiroobiro,Add files via upload,A,eng/.gitbook/assets/tanzlii--IMG_0236 3.png,acad1feffcd61d738160aa87cbe33a5a823fdfe2
38f85d8e1a8df136853d16d5c69b4eff14b9af22,2025-03-07T16:31:02+03:00,niiroobiro,Add files via upload,A,eng/.gitbook/assets/tanzlii--IMG_0237 2.png,5676271d84c11b61455f46766e5bbf1dad092708
38f85d8e1a8df136853d16d5c69b4eff14b9af22,2025-03-07T16:31:02+03:00,niiroobiro,Add files via upload,M,eng/.gitbook/assets/tanzlii--legislation 10.png,14ce760bb9d49984c8d68b72d59c01c9e82284a2
38f85d8e1a8df136853d16d5c69b4eff14b9af22,2025-03-07T16:31:02+03:00,niiroobiro,Add files via upload,M,eng/.gitbook/assets/tanzlii--legislation 7 (1).png,ae356f02c6a485143fd559135fcad19c85cc626e
38f85d8e1a8df136853d16d5c69b4eff14b9af22,2025-03-07T16:31:02+03:00,niiroobiro,Add files via upload,M,eng/.gitbook/assets/tanzlii--legislation 8.png,c9199ac3014494106fd3ca42d0341e6a0f954acc
38f85d8e1a8df136853d16d5c69b4eff14b9af22,2025-03-07T16:31:02+03:00,niiroobiro,Add files via upload,M,eng/.gitbook/assets/tanzlii--legislation 9.png,98deb2604162ccc230a50afdc91fcbd68ccd7928
784312a7c755926fd2b8b1bc8c40f69977f30c0e,2025-03-10T16:33:54+03:00,niiroobiro,Add files via upload,M,eng/.gitbook/assets/tanzlii--IMG_0235 2 (2).jpg,e5668b1e8755140f4a7c3a3f3692763ed9bb396a
784312a7c755926fd2b8b1bc8c40f69977f30c0e,2025-03-10T16:33:54+03:00,niiroobiro,Add files via upload,M,eng/.gitbook/assets/tanzlii--IMG_0236 3.jpg,ada879aa3505ca1f742566a7807447f62ab469eb
784312a7c755926fd2b8b1bc8c40f69977f30c0e,2025-03-10T16:33:54+03:00,niiroobiro,Add files via upload,M,eng/.gitbook/assets/tanzlii--IMG_0237 2.jpg,b969fd1fe6fe3f79993eb5ebbfd3a266e6007381
dc0b9955864a3dc0f03bcee630b2111fec249b37,2025-03-10T16:35:38+03:00,niiroobiro,Add files via upload,M,eng/.gitbook/assets/tanzlii--IMG_0235 2 (2).jpg,e5668b1e8755140f4a7c3a3f3692763ed9bb396a
dc0b9955864a3dc0f03bcee630b2111fec249b37,2025-03-10T16:35:38+03:00,niiroobiro,Add files via upload,M,eng/.gitbook/assets/tanzlii--IMG_0236 3.jpg,ada879aa3505ca1f742566a7807447f62ab469eb
dc0b9955864a3dc0f03bcee630b2111fec249b37,2025-03-10T16:35:38+03:00,niiroobiro,Add files via upload,M,eng/.gitbook/assets/tanzlii--IMG_0237 2.jpg,b969fd1fe6fe3f79993eb5ebbfd3a266e6007381
3f1e36fea395100447a2a96cc4b305312a8680ae,2025-03-10T16:44:13+03:00,niiroobiro,Add files via upload,M,eng/.gitbook/assets/tanzlii--IMG_0235 2 (2).jpg,89a0dbf01c4b32fcf19a6ced994f029987cd34d4
3f1e36fea395100447a2a96cc4b305312a8680ae,2025-03-10T16:44:13+03:00,niiroobiro,Add files via upload,M,eng/.gitbook/assets/tanzlii--IMG_0236 3.jpg,55566ed0632596ebd3208e073f8efe17b6ed4e2f
3f1e36fea395100447a2a96cc4b305312a8680ae,2025-03-10T16:44:13+03:00,niiroobiro,Add files via upload,M,eng/.gitbook/assets/tanzlii--IMG_0237 2.jpg,a76da0dfd8546a2b84ede40362d7bc4800f9d8ca
a50587380c22349744fd33872c203e10d236aa56,2025-03-11T11:33:22+03:00,niiroobiro,Add files via upload,M,eng/.gitbook/assets/tanzlii--IMG_0226.jpg,81d38037afe6ac464e58dbb24c3ffc3c8db6c1e8
a50587380c22349744fd33872c203e10d236aa56,2025-03-11T11:33:22+03:00,niiroobiro,Add files via upload,M,eng/.gitbook/assets/tanzlii--IMG_0227.jpg,101681c5c477559032cb4208e77d88f306c9c6f4
a50587380c22349744fd33872c203e10d236aa56,2025-03-11T11:33:22+03:00,niiroobiro,Add files via upload,M,eng/.gitbook/assets/tanzlii--IMG_0228.jpg,1a89a22083d253037d57ebb175233ab0d4e6e34f
a50587380c22349744fd33872c203e10d236aa56,2025-03-11T11:33:22+03:00,niiroobiro,Add files via upload,M,eng/.gitbook/assets/tanzlii--legislation 1.png,0dc291b3bd23a4df0c0dcc6314355c27ac196f9a
a50587380c22349744fd33872c203e10d236aa56,2025-03-11T11:33:22+03:00,niiroobiro,Add files via upload,M,eng/.gitbook/assets/tanzlii--legislation 10.png,14ce760bb9d49984c8d68b72d59c01c9e82284a2
a50587380c22349744fd33872c203e10d236aa56,2025-03-11T11:33:22+03:00,niiroobiro,Add files via upload,M,eng/.gitbook/assets/tanzlii--legislation 2.png,2e26eab0845642866a67302de8b018b8593c89b5
a50587380c22349744fd33872c203e10d236aa56,2025-03-11T11:33:22+03:00,niiroobiro,Add files via upload,M,eng/.gitbook/assets/tanzlii--legislation 3.png,803eb8bce3fe11315b7d1b6cc2960fe24f9bdc68
a50587380c22349744fd33872c203e10d236aa56,2025-03-11T11:33:22+03:00,niiroobiro,Add files via upload,M,eng/.gitbook/assets/tanzlii--legislation 4.png,5ba0e0aea43b371eb65e439d5d8fd40a87ae83c4
a50587380c22349744fd33872c203e10d236aa56,2025-03-11T11:33:22+03:00,niiroobiro,Add files via upload,M,eng/.gitbook/assets/tanzlii--legislation 5.png,fa229693eb236dd53dbf0ad9f5190cc2754ead55
a50587380c22349744fd33872c203e10d236aa56,2025-03-11T11:33:22+03:00,niiroobiro,Add files via upload,M,eng/.gitbook/assets/tanzlii--legislation 6.png,da59da3dfd53296b0c44f863a82842034d0b0ecd
a50587380c22349744fd33872c203e10d236aa56,2025-03-11T11:33:22+03:00,niiroobiro,Add files via upload,M,eng/.gitbook/assets/tanzlii--legislation 7 (1).png,ae356f02c6a485143fd559135fcad19c85cc626e
a50587380c22349744fd33872c203e10d236aa56,2025-03-11T11:33:22+03:00,niiroobiro,Add files via upload,M,eng/.gitbook/assets/tanzlii--legislation 8.png,c9199ac3014494106fd3ca42d0341e6a0f954acc
a50587380c22349744fd33872c203e10d236aa56,2025-03-11T11:33:22+03:00,niiroobiro,Add files via upload,M,eng/.gitbook/assets/tanzlii--legislation 9.png,98deb2604162ccc230a50afdc91fcbd68ccd7928
c7110f428723325e4875ae8b0623dc0392d7d13e,2025-03-11T11:43:30+03:00,niiroobiro,Add files via upload,M,eng/.gitbook/assets/lawlibrary--tz 17.png,5aeda2953213fd25fb1816a32061490a899e9db7
a4e2243a991dbab659e599bc751d6926132c177b,2025-03-11T14:24:46+03:00,niiroobiro,Add files via upload,M,eng/.gitbook/assets/tanzlii--comments 1.png,7e68ff372c363e41d5f7c59b63b52aa13be79b76
a4e2243a991dbab659e599bc751d6926132c177b,2025-03-11T14:24:46+03:00,niiroobiro,Add files via upload,M,eng/.gitbook/assets/tanzlii--comments 2.png,6346bc3e316cfc0b958a3f63cc7b97cce67b3088
a4e2243a991dbab659e599bc751d6926132c177b,2025-03-11T14:24:46+03:00,niiroobiro,Add files via upload,M,eng/.gitbook/assets/tanzlii--comments 3.png,cd769a354a44a87dd53061f0f8ff83ac9642913e
a4e2243a991dbab659e599bc751d6926132c177b,2025-03-11T14:24:46+03:00,niiroobiro,Add files via upload,M,eng/.gitbook/assets/tanzlii--untitled.png,8840952522ca4dca5c3ac233509c1e42e65b00e5
26ec073238f98bb21cd10e3bf096ce44af981d0e,2025-03-11T15:00:05+03:00,niiroobiro,Add files via upload,M,eng/.gitbook/assets/ulii--Law lib 4.png,e84e92ce701a16b41fde78eb560998cda8f9aebf
26ec073238f98bb21cd10e3bf096ce44af981d0e,2025-03-11T15:00:05+03:00,niiroobiro,Add files via upload,M,eng/.gitbook/assets/ulii--Law lib 5.png,c3bd1aeb33b60be7c64eb2c0bddf726a26c9f2f2
26ec073238f98bb21cd10e3bf096ce44af981d0e,2025-03-11T15:00:05+03:00,niiroobiro,Add files via upload,M,eng/.gitbook/assets/ulii--Law lib 6.png,83561bac62e06299fc60648447dcac11e7678513
26ec073238f98bb21cd10e3bf096ce44af981d0e,2025-03-11T15:00:05+03:00,niiroobiro,Add files via upload,M,eng/.gitbook/assets/ulii--Save doc 1.png,037cfbc32d331ac3863eea91797f4008814ea63d
26ec073238f98bb21cd10e3bf096ce44af981d0e,2025-03-11T15:00:05+03:00,niiroobiro,Add files via upload,M,eng/.gitbook/assets/ulii--TOC.png,ac82e6dfc944a4adddf59034394f2b3f11dbb5c8
26ec073238f98bb21cd10e3bf096ce44af981d0e,2025-03-11T15:00:05+03:00,niiroobiro,Add files via upload,M,eng/.gitbook/assets/ulii--comments 1.png,2384fcb13ba3dd7c928b14f95547cbff142e64d5
26ec073238f98bb21cd10e3bf096ce44af981d0e,2025-03-11T15:00:05+03:00,niiroobiro,Add files via upload,M,eng/.gitbook/assets/ulii--comments 2.png,9136028b4b021d3bd89a518696d0c20f95eed8fe
26ec073238f98bb21cd10e3bf096ce44af981d0e,2025-03-11T15:00:05+03:00,niiroobiro,Add files via upload,M,eng/.gitbook/assets/ulii--comments 3.png,d951c10b9bae978a202786f9f8fc0cbdd951e894
26ec073238f98bb21cd10e3bf096ce44af981d0e,2025-03-11T15:00:05+03:00,niiroobiro,Add files via upload,M,eng/.gitbook/assets/ulii--save doc 2.png,49c5ae5db13978e249c0b44d2a7bb42e0b29e36b
26ec073238f98bb21cd10e3bf096ce44af981d0e,2025-03-11T15:00:05+03:00,niiroobiro,Add files via upload,M,eng/.gitbook/assets/ulii--save doc 3.png,6533323c843f518634605c6e1c98332eeb925aa4
26ec073238f98bb21cd10e3bf096ce44af981d0e,2025-03-11T15:00:05+03:00,niiroobiro,Add files via upload,M,eng/.gitbook/assets/ulii--save doc 4.png,99e8d229fca31203c45006b815b011e0efeb5cee
26ec073238f98bb21cd10e3bf096ce44af981d0e,2025-03-11T15:00:05+03:00,niiroobiro,Add files via upload,M,eng/.gitbook/assets/ulii--untitled.png,dd96dd05e50af0e81385385043db047f8c97c009
1d0eeff80fb52efd46d41a258d1111517b85ac79,2025-03-12T15:22:05+03:00,niiroobiro,Add files via upload,M,eng/.gitbook/assets/ulii--IMG_0226.jpg,292a39e0c79574fee1b225d5573a0605208f64c0
1d0eeff80fb52efd46d41a258d1111517b85ac79,2025-03-12T15:22:05+03:00,niiroobiro,Add files via upload,M,eng/.gitbook/assets/ulii--IMG_0227.jpg,78167bd9e21b1311705def858cedff513657a1b8
1d0eeff80fb52efd46d41a258d1111517b85ac79,2025-03-12T15:22:05+03:00,niiroobiro,Add files via upload,M,eng/.gitbook/assets/ulii--IMG_0228.jpg,e3c93d2c75766c3073aa4f595121783bb0a6c8c8
1d0eeff80fb52efd46d41a258d1111517b85ac79,2025-03-12T15:22:05+03:00,niiroobiro,Add files via upload,A,eng/.gitbook/assets/ulii--IMG_0235 2 (2).png,d0b25bc47611f9a75199838855c97e6639695a0c
1d0eeff80fb52efd46d41a258d1111517b85ac79,2025-03-12T15:22:05+03:00,niiroobiro,Add files via upload,M,eng/.gitbook/assets/ulii--IMG_0236 3.jpg,47fd0cf94e18e1808f0636590fa52953f844317b
1d0eeff80fb52efd46d41a258d1111517b85ac79,2025-03-12T15:22:05+03:00,niiroobiro,Add files via upload,M,eng/.gitbook/assets/ulii--IMG_0237 2.jpg,9db6236b15a75aa9ce08ec5e3d3cb72019a00532
1d0eeff80fb52efd46d41a258d1111517b85ac79,2025-03-12T15:22:05+03:00,niiroobiro,Add files via upload,M,eng/.gitbook/assets/ulii--judges.png,ff9211ac3de16703cf6c0fe34e0efa2524d9d345
1d0eeff80fb52efd46d41a258d1111517b85ac79,2025-03-12T15:22:05+03:00,niiroobiro,Add files via upload,M,eng/.gitbook/assets/ulii--legislation 1.png,9b7bbad9c2c19336b997b9e3a74c6e74b4debde0
1d0eeff80fb52efd46d41a258d1111517b85ac79,2025-03-12T15:22:05+03:00,niiroobiro,Add files via upload,M,eng/.gitbook/assets/ulii--legislation 10.png,cf361599c56d92a429b0eae91c46081f7492867b
1d0eeff80fb52efd46d41a258d1111517b85ac79,2025-03-12T15:22:05+03:00,niiroobiro,Add files via upload,M,eng/.gitbook/assets/ulii--legislation 2.png,eac798934728340c47f0019b331e25677b5b38b3
1d0eeff80fb52efd46d41a258d1111517b85ac79,2025-03-12T15:22:05+03:00,niiroobiro,Add files via upload,M,eng/.gitbook/assets/ulii--legislation 3.png,cc36f28375f347451aa641a13ea79e3b48b86fb4
1d0eeff80fb52efd46d41a258d1111517b85ac79,2025-03-12T15:22:05+03:00,niiroobiro,Add files via upload,M,eng/.gitbook/assets/ulii--legislation 4.png,f1fa84eb4ec336e9dfd1195c118da2a869837310
1d0eeff80fb52efd46d41a258d1111517b85ac79,2025-03-12T15:22:05+03:00,niiroobiro,Add files via upload,M,eng/.gitbook/assets/ulii--legislation 5.png,a0673d4f9bc888f53cfe6857a13350ed0e7f9623
1d0eeff80fb52efd46d41a258d1111517b85ac79,2025-03-12T15:22:05+03:00,niiroobiro,Add files via upload,M,eng/.gitbook/assets/ulii--legislation 6.png,cc2d4250bc978ab134e982fbdcf7d386a9d6847a
1d0eeff80fb52efd46d41a258d1111517b85ac79,2025-03-12T15:22:05+03:00,niiroobiro,Add files via upload,M,eng/.gitbook/assets/ulii--legislation 7 (1).png,4d7446ff4a5b392ede88e0d8d784877281cd459b
1d0eeff80fb52efd46d41a258d1111517b85ac79,2025-03-12T15:22:05+03:00,niiroobiro,Add files via upload,M,eng/.gitbook/assets/ulii--legislation 8.png,f7153abdda0e6df6af15de55687b5dadae35edcb
1d0eeff80fb52efd46d41a258d1111517b85ac79,2025-03-12T15:22:05+03:00,niiroobiro,Add files via upload,M,eng/.gitbook/assets/ulii--legislation 9.png,721b77f9a513f4d52f9be8d9557654cd6a380308
1d0eeff80fb52efd46d41a258d1111517b85ac79,2025-03-12T15:22:05+03:00,niiroobiro,Add files via upload,M,eng/.gitbook/assets/ulii--year court.png,128b593ceed635e3f0a6df96faaa41ba759607f6
805596020f49fa36f5dbe11e99d64042be764502,2025-03-12T15:29:10+03:00,niiroobiro,Add files via upload,M,eng/.gitbook/assets/ulii--IMG_0226.jpg,292a39e0c79574fee1b225d5573a0605208f64c0
805596020f49fa36f5dbe11e99d64042be764502,2025-03-12T15:29:10+03:00,niiroobiro,Add files via upload,M,eng/.gitbook/assets/ulii--IMG_0227.jpg,78167bd9e21b1311705def858cedff513657a1b8
805596020f49fa36f5dbe11e99d64042be764502,2025-03-12T15:29:10+03:00,niiroobiro,Add files via upload,M,eng/.gitbook/assets/ulii--IMG_0228.jpg,e3c93d2c75766c3073aa4f595121783bb0a6c8c8
805596020f49fa36f5dbe11e99d64042be764502,2025-03-12T15:29:10+03:00,niiroobiro,Add files via upload,M,eng/.gitbook/assets/ulii--IMG_0235 2 (2).jpg,58bdb904f2d6f2acda1fd24d45903f299d3bf681
805596020f49fa36f5dbe11e99d64042be764502,2025-03-12T15:29:10+03:00,niiroobiro,Add files via upload,M,eng/.gitbook/assets/ulii--IMG_0236 3.jpg,47fd0cf94e18e1808f0636590fa52953f844317b
805596020f49fa36f5dbe11e99d64042be764502,2025-03-12T15:29:10+03:00,niiroobiro,Add files via upload,M,eng/.gitbook/assets/ulii--IMG_0237 2.jpg,9db6236b15a75aa9ce08ec5e3d3cb72019a00532
805596020f49fa36f5dbe11e99d64042be764502,2025-03-12T15:29:10+03:00,niiroobiro,Add files via upload,M,eng/.gitbook/assets/ulii--judges.png,ff9211ac3de16703cf6c0fe34e0efa2524d9d345
805596020f49fa36f5dbe11e99d64042be764502,2025-03-12T15:29:10+03:00,niiroobiro,Add files via upload,M,eng/.gitbook/assets/ulii--legislation 1.png,9b7bbad9c2c19336b997b9e3a74c6e74b4debde0
805596020f49fa36f5dbe11e99d64042be764502,2025-03-12T15:29:10+03:00,niiroobiro,Add files via upload,M,eng/.gitbook/assets/ulii--legislation 10.png,cf361599c56d92a429b0eae91c46081f7492867b
805596020f49fa36f5dbe11e99d64042be764502,2025-03-12T15:29:10+03:00,niiroobiro,Add files via upload,M,eng/.gitbook/assets/ulii--legislation 2.png,eac798934728340c47f0019b331e25677b5b38b3
805596020f49fa36f5dbe11e99d64042be764502,2025-03-12T15:29:10+03:00,niiroobiro,Add files via upload,M,eng/.gitbook/assets/ulii--legislation 3.png,cc36f28375f347451aa641a13ea79e3b48b86fb4
805596020f49fa36f5dbe11e99d64042be764502,2025-03-12T15:29:10+03:00,niiroobiro,Add files via upload,M,eng/.gitbook/assets/ulii--legislation 4.png,f1fa84eb4ec336e9dfd1195c118da2a869837310
805596020f49fa36f5dbe11e99d64042be764502,2025-03-12T15:29:10+03:00,niiroobiro,Add files via upload,M,eng/.gitbook/assets/ulii--legislation 5.png,a0673d4f9bc888f53cfe6857a13350ed0e7f9623
805596020f49fa36f5dbe11e99d64042be764502,2025-03-12T15:29:10+03:00,niiroobiro,Add files via upload,M,eng/.gitbook/assets/ulii--legislation 6.png,cc2d4250bc978ab134e982fbdcf7d386a9d6847a
805596020f49fa36f5dbe11e99d64042be764502,2025-03-12T15:29:10+03:00,niiroobiro,Add files via upload,M,eng/.gitbook/assets/ulii--legislation 7 (1).png,4d7446ff4a5b392ede88e0d8d784877281cd459b
805596020f49fa36f5dbe11e99d64042be764502,2025-03-12T15:29:10+03:00,niiroobiro,Add files via upload,M,eng/.gitbook/assets/ulii--legislation 8.png,f7153abdda0e6df6af15de55687b5dadae35edcb
805596020f49fa36f5dbe11e99d64042be764502,2025-03-12T15:29:10+03:00,niiroobiro,Add files via upload,M,eng/.gitbook/assets/ulii--legislation 9.png,721b77f9a513f4d52f9be8d9557654cd6a380308
805596020f49fa36f5dbe11e99d64042be764502,2025-03-12T15:29:10+03:00,niiroobiro,Add files via upload,M,eng/.gitbook/assets/ulii--year court.png,128b593ceed635e3f0a6df96faaa41ba759607f6
fcd4b3fa32f05ad0427b362b8db525fcd7fdb99b,2025-03-12T15:56:19+03:00,niiroobiro,Add files via upload,M,eng/.gitbook/assets/ulii--9th 2.png,771bbbdf3a80b8ba2c792c33e816d552f526ac36
fcd4b3fa32f05ad0427b362b8db525fcd7fdb99b,2025-03-12T15:56:19+03:00,niiroobiro,Add files via upload,M,eng/.gitbook/assets/ulii--9th 3.png,d6f6e8e22580350d7d8d7a3157cc4deb4cf0bc9c
fcd4b3fa32f05ad0427b362b8db525fcd7fdb99b,2025-03-12T15:56:19+03:00,niiroobiro,Add files via upload,M,eng/.gitbook/assets/ulii--LL alerts.png,a60402fbf3c785fb59dea11ed5fc65ef37032723
fcd4b3fa32f05ad0427b362b8db525fcd7fdb99b,2025-03-12T15:56:19+03:00,niiroobiro,Add files via upload,M,eng/.gitbook/assets/ulii--Law Lib 10.png,3d507a47ffc8e03aa5aaf0704c89e083e638a973
fcd4b3fa32f05ad0427b362b8db525fcd7fdb99b,2025-03-12T15:56:19+03:00,niiroobiro,Add files via upload,M,eng/.gitbook/assets/ulii--Law Lib 7.png,8cc2f3c3680cb47c87027acdc373b45acca1806c
fcd4b3fa32f05ad0427b362b8db525fcd7fdb99b,2025-03-12T15:56:19+03:00,niiroobiro,Add files via upload,M,eng/.gitbook/assets/ulii--Law Lib 8.png,beef1b0711b6fb48a78456e471f41b019ac003ae
fcd4b3fa32f05ad0427b362b8db525fcd7fdb99b,2025-03-12T15:56:19+03:00,niiroobiro,Add files via upload,M,eng/.gitbook/assets/ulii--Law Lib 9.png,524086ff6a188923f6317d0b33691c86fd58a93b
2d0c2a9d154b171ade37ef0b4e916f3921cf8aae,2025-03-17T12:52:24+03:00,niiroobiro,Add files via upload,M,eng/.gitbook/assets/ghalii--9th 2.png,4e6683dddfe1c203a17fe89a4166018a427e3e11
2d0c2a9d154b171ade37ef0b4e916f3921cf8aae,2025-03-17T12:52:24+03:00,niiroobiro,Add files via upload,M,eng/.gitbook/assets/ghalii--9th 3.png,d0f8dd8fd5ba79e32bea8d47e579545d4348d982
2d0c2a9d154b171ade37ef0b4e916f3921cf8aae,2025-03-17T12:52:24+03:00,niiroobiro,Add files via upload,M,eng/.gitbook/assets/ghalii--LL alerts.png,9b71e7e7c0a4119537b8ba2e5877d63d81560a87
2d0c2a9d154b171ade37ef0b4e916f3921cf8aae,2025-03-17T12:52:24+03:00,niiroobiro,Add files via upload,M,eng/.gitbook/assets/ghalii--comments 1.png,4cefbec213130c6ae785c82a984dd0967dc763ae
2d0c2a9d154b171ade37ef0b4e916f3921cf8aae,2025-03-17T12:52:24+03:00,niiroobiro,Add files via upload,M,eng/.gitbook/assets/ghalii--comments 2.png,b5af52ea42b8bf6d1e8ddc646a5997b8912c9cd9
2d0c2a9d154b171ade37ef0b4e916f3921cf8aae,2025-03-17T12:52:24+03:00,niiroobiro,Add files via upload,M,eng/.gitbook/assets/ghalii--comments 3.png,fea145850b9db6086d4ef661fa83f99a212f4284
2d0c2a9d154b171ade37ef0b4e916f3921cf8aae,2025-03-17T12:52:24+03:00,niiroobiro,Add files via upload,M,eng/.gitbook/assets/ghalii--untitled.png,8cf341a6d2bb4668064154204e8d9a22ebd1f9e4
81bb8b709fc9fb80072d2622bdd4498e3757a291,2025-03-17T13:05:01+03:00,niiroobiro,Add files via upload,M,eng/.gitbook/assets/kenyalaw--9th 2.png,bb18f128d14bb6236028e3421aa1b8f484bff3ee
81bb8b709fc9fb80072d2622bdd4498e3757a291,2025-03-17T13:05:01+03:00,niiroobiro,Add files via upload,M,eng/.gitbook/assets/kenyalaw--9th 3.png,4a61685a1c94b217096d2f93657a84a847f814e1
81bb8b709fc9fb80072d2622bdd4498e3757a291,2025-03-17T13:05:01+03:00,niiroobiro,Add files via upload,M,eng/.gitbook/assets/kenyalaw--LL alerts.png,4d5459a2e5ed4b3ff3866e1e7689da36aa7c35cc
81bb8b709fc9fb80072d2622bdd4498e3757a291,2025-03-17T13:05:01+03:00,niiroobiro,Add files via upload,M,eng/.gitbook/assets/kenyalaw--comments 1.png,b28121dc7b96e3cdb76d402b1ea2eb2b634e75ed
81bb8b709fc9fb80072d2622bdd4498e3757a291,2025-03-17T13:05:01+03:00,niiroobiro,Add files via upload,M,eng/.gitbook/assets/kenyalaw--comments 2.png,54fd569e17038fdab3edec5dcb17f6383ccc6a66
81bb8b709fc9fb80072d2622bdd4498e3757a291,2025-03-17T13:05:01+03:00,niiroobiro,Add files via upload,M,eng/.gitbook/assets/kenyalaw--comments 3.png,9ab65f2ff594bcdb4bfca3ae4fecb87fb776a73a
81bb8b709fc9fb80072d2622bdd4498e3757a291,2025-03-17T13:05:01+03:00,niiroobiro,Add files via upload,M,eng/.gitbook/assets/kenyalaw--untitled.png,e19cdb9882853706f99fcbbcf6fc50af88381e59
a12ddcf2ea86938b4a88873ed569178107f1ae72,2025-03-17T13:54:10+03:00,niiroobiro,Add files via upload,M,eng/.gitbook/assets/ulii--Law lib 1 (1).png,ef7a2f54ea8e3a4decd4ce0f5a7f545076a6ab53
a12ddcf2ea86938b4a88873ed569178107f1ae72,2025-03-17T13:54:10+03:00,niiroobiro,Add files via upload,M,eng/.gitbook/assets/ulii--Law lib 1.png,94bdff635190ad26e3890a59400e7aba0565c90d
a12ddcf2ea86938b4a88873ed569178107f1ae72,2025-03-17T13:54:10+03:00,niiroobiro,Add files via upload,M,eng/.gitbook/assets/ulii--Law lib 2 (1).png,c0e1502b493095ac85a1eb252a4f442c45f8a31b
a12ddcf2ea86938b4a88873ed569178107f1ae72,2025-03-17T13:54:10+03:00,niiroobiro,Add files via upload,M,eng/.gitbook/assets/ulii--Law lib 3 (1).png,1e3d71f5bc0871a0899627b5fc3cdc805ca27f80
ca65c2f210cfc19036b57abeba520a6bcdc8f18b,2025-03-17T16:30:19+03:00,niiroobiro,Add files via upload,M,eng/.gitbook/assets/ghalii--IMG_0226.jpg,7f23494c2e4010abf8530a58b3e69b09e23c8f84
ca65c2f210cfc19036b57abeba520a6bcdc8f18b,2025-03-17T16:30:19+03:00,niiroobiro,Add files via upload,M,eng/.gitbook/assets/ghalii--IMG_0227.jpg,4ffd76ac2bcb1bc087ea890fef98d7030b0e2303
ca65c2f210cfc19036b57abeba520a6bcdc8f18b,2025-03-17T16:30:19+03:00,niiroobiro,Add files via upload,M,eng/.gitbook/assets/ghalii--IMG_0228.jpg,d140f40648bf9312ff08695d0ad24141e7de06b2
ca65c2f210cfc19036b57abeba520a6bcdc8f18b,2025-03-17T16:30:19+03:00,niiroobiro,Add files via upload,M,eng/.gitbook/assets/ghalii--Law lib 4.png,8383c3e670c1fa146799ef302e551d3a6780f01a
ca65c2f210cfc19036b57abeba520a6bcdc8f18b,2025-03-17T16:30:19+03:00,niiroobiro,Add files via upload,M,eng/.gitbook/assets/ghalii--Law lib 5.png,e2154fe1ae1d124a2a90a4e0e7c6fbb33fe2bf67
ca65c2f210cfc19036b57abeba520a6bcdc8f18b,2025-03-17T16:30:19+03:00,niiroobiro,Add files via upload,M,eng/.gitbook/assets/ghalii--Law lib 6.png,8d212a6f1e9ea0a54cfbf842d3d821e239f2fc16
ca65c2f210cfc19036b57abeba520a6bcdc8f18b,2025-03-17T16:30:19+03:00,niiroobiro,Add files via upload,M,eng/.gitbook/assets/ghalii--Save doc 1.png,bdab90cc1aa59b1a860a5a96e531af6670cfcdeb
ca65c2f210cfc19036b57abeba520a6bcdc8f18b,2025-03-17T16:30:19+03:00,niiroobiro,Add files via upload,M,eng/.gitbook/assets/ghalii--TOC.png,16e6df09ee0c7e78a7c7a2d678dc327e6b2bcbbb
ca65c2f210cfc19036b57abeba520a6bcdc8f18b,2025-03-17T16:30:19+03:00,niiroobiro,Add files via upload,M,eng/.gitbook/assets/ghalii--judges.png,ef2eda5e9e7aeb976a1a63eb7c3413453bd0c78a
ca65c2f210cfc19036b57abeba520a6bcdc8f18b,2025-03-17T16:30:19+03:00,niiroobiro,Add files via upload,M,eng/.gitbook/assets/ghalii--legislation 4.png,db5d1c92dbc23194ee79bc9e41e0ca692624f1a1
ca65c2f210cfc19036b57abeba520a6bcdc8f18b,2025-03-17T16:30:19+03:00,niiroobiro,Add files via upload,M,eng/.gitbook/assets/ghalii--legislation 5.png,99f2505bdc06bf55e151d36422bf0e85d1d2d377
ca65c2f210cfc19036b57abeba520a6bcdc8f18b,2025-03-17T16:30:19+03:00,niiroobiro,Add files via upload,M,eng/.gitbook/assets/ghalii--legislation 6.png,ec117fb95b63731e6b29a404f85cdc70cf66dff4
ca65c2f210cfc19036b57abeba520a6bcdc8f18b,2025-03-17T16:30:19+03:00,niiroobiro,Add files via upload,M,eng/.gitbook/assets/ghalii--save doc 2.png,7d066a838b8d840ed113875622493afb6744c328
ca65c2f210cfc19036b57abeba520a6bcdc8f18b,2025-03-17T16:30:19+03:00,niiroobiro,Add files via upload,M,eng/.gitbook/assets/ghalii--save doc 3.png,f3d2a8573e9a09d6ec72f593a57f3ee482a9389a
ca65c2f210cfc19036b57abeba520a6bcdc8f18b,2025-03-17T16:30:19+03:00,niiroobiro,Add files via upload,M,eng/.gitbook/assets/ghalii--save doc 4.png,84be9ac689123007c7d99c0084e0439d19674d9f
ca65c2f210cfc19036b57abeba520a6bcdc8f18b,2025-03-17T16:30:19+03:00,niiroobiro,Add files via upload,M,eng/.gitbook/assets/ghalii--year court.png,bb30add0fe9382b95bf8ec18507ac8c5ccb24512
ffc8e50dcb1793b5791d39e2ad413bf27dd2f1ea,2025-03-18T13:48:59+03:00,niiroobiro,Add files via upload,M,eng/.gitbook/assets/ghalii--IMG_0235 2 (2).jpg,018d052395d0e3ed063367ddfd54e1412fe4ed2f
ffc8e50dcb1793b5791d39e2ad413bf27dd2f1ea,2025-03-18T13:48:59+03:00,niiroobiro,Add files via upload,M,eng/.gitbook/assets/ghalii--IMG_0236 3.jpg,9a6978f2b2f4c780f2212c0762575b2d896ec309
ffc8e50dcb1793b5791d39e2ad413bf27dd2f1ea,2025-03-18T13:48:59+03:00,niiroobiro,Add files via upload,M,eng/.gitbook/assets/ghalii--IMG_0237 2.jpg,e5876c904b95190879401a4fe0157faee8d7ce9d
ffc8e50dcb1793b5791d39e2ad413bf27dd2f1ea,2025-03-18T13:48:59+03:00,niiroobiro,Add files via upload,M,eng/.gitbook/assets/ghalii--Law Lib 10.png,98f99f48daa28d20ec14f2085d551068211be356
ffc8e50dcb1793b5791d39e2ad413bf27dd2f1ea,2025-03-18T13:48:59+03:00,niiroobiro,Add files via upload,M,eng/.gitbook/assets/ghalii--Law Lib 7.png,4963cfff51cd365115f3cb3cfd7e3a26edeff6f5
ffc8e50dcb1793b5791d39e2ad413bf27dd2f1ea,2025-03-18T13:48:59+03:00,niiroobiro,Add files via upload,M,eng/.gitbook/assets/ghalii--Law Lib 8.png,349e4c126a7a9a21340827463f4f217f4ec27d63
ffc8e50dcb1793b5791d39e2ad413bf27dd2f1ea,2025-03-18T13:48:59+03:00,niiroobiro,Add files via upload,M,eng/.gitbook/assets/ghalii--Law Lib 9.png,abc50793cebcd7112fa6a2a24ef75839b82fe9dd
ffc8e50dcb1793b5791d39e2ad413bf27dd2f1ea,2025-03-18T13:48:59+03:00,niiroobiro,Add files via upload,M,eng/.gitbook/assets/ghalii--Law lib 1 (1).png,944cf22d79ad5a8efb0ea1ba2dc1050232835f61
ffc8e50dcb1793b5791d39e2ad413bf27dd2f1ea,2025-03-18T13:48:59+03:00,niiroobiro,Add files via upload,M,eng/.gitbook/assets/ghalii--Law lib 1.png,92dc8c2f1fa790764e9862069268794883448458
ffc8e50dcb1793b5791d39e2ad413bf27dd2f1ea,2025-03-18T13:48:59+03:00,niiroobiro,Add files via upload,M,eng/.gitbook/assets/ghalii--Law lib 2 (1).png,d4e4192b64346981b7fede49e041fd4351b2c268
ffc8e50dcb1793b5791d39e2ad413bf27dd2f1ea,2025-03-18T13:48:59+03:00,niiroobiro,Add files via upload,M,eng/.gitbook/assets/ghalii--Law lib 3 (1).png,30bee23c0fc2023a2bbb23329778702db7e73468
ffc8e50dcb1793b5791d39e2ad413bf27dd2f1ea,2025-03-18T13:48:59+03:00,niiroobiro,Add files via upload,M,eng/.gitbook/assets/ghalii--Updates Pocket Law.png,3629cac662b74092a58d736de73fcc15478a0d55
ffc8e50dcb1793b5791d39e2ad413bf27dd2f1ea,2025-03-18T13:48:59+03:00,niiroobiro,Add files via upload,M,eng/.gitbook/assets/ghalii--content packs.png,c09750463236f0c59e80b85612a285b72f0d4ac3
ffc8e50dcb1793b5791d39e2ad413bf27dd2f1ea,2025-03-18T13:48:59+03:00,niiroobiro,Add files via upload,M,eng/.gitbook/assets/ghalii--legislation 10.png,525e3422e11e37232c83517d5b4c0bab1b9c6138
ffc8e50dcb1793b5791d39e2ad413bf27dd2f1ea,2025-03-18T13:48:59+03:00,niiroobiro,Add files via upload,M,eng/.gitbook/assets/ghalii--legislation 7 (1).png,346eb811cf1e1a30d65a49d57e3e85354704d886
ffc8e50dcb1793b5791d39e2ad413bf27dd2f1ea,2025-03-18T13:48:59+03:00,niiroobiro,Add files via upload,M,eng/.gitbook/assets/ghalii--legislation 8.png,7db42aa2003e9661d2da1ab3bfc33d4023ad6709
ffc8e50dcb1793b5791d39e2ad413bf27dd2f1ea,2025-03-18T13:48:59+03:00,niiroobiro,Add files via upload,M,eng/.gitbook/assets/ghalii--legislation 9.png,013c08350c72c9948d785ae0c6328b18ac6756ea
ffc8e50dcb1793b5791d39e2ad413bf27dd2f1ea,2025-03-18T13:48:59+03:00,niiroobiro,Add files via upload,M,eng/.gitbook/assets/ghalii--tz 17.png,947aa31b50b7778d4305ab7c33bf5e516da47928
e413ac058668f0aa96d5da9de234b8c49e6d3269,2025-03-18T15:43:48+03:00,niiroobiro,Add files via upload,M,eng/.gitbook/assets/kenyalaw--IMG_0226.jpg,3cbc8af5f2c83d43c3abf7118b83becbf9dc9da5
e413ac058668f0aa96d5da9de234b8c49e6d3269,2025-03-18T15:43:48+03:00,niiroobiro,Add files via upload,M,eng/.gitbook/assets/kenyalaw--IMG_0227.jpg,326e0d3676c04be5ac4bf318e3a0df3448f060ee
e413ac058668f0aa96d5da9de234b8c49e6d3269,2025-03-18T15:43:48+03:00,niiroobiro,Add files via upload,M,eng/.gitbook/assets/kenyalaw--IMG_0228.jpg,1a8c7b312d2a04d06e345b714a5b14ceafcf6588
e413ac058668f0aa96d5da9de234b8c49e6d3269,2025-03-18T15:43:48+03:00,niiroobiro,Add files via upload,M,eng/.gitbook/assets/kenyalaw--IMG_0235 2 (2).jpg,99399478acb5995c0e0d4b84e628edf47912a98a
e413ac058668f0aa96d5da9de234b8c49e6d3269,2025-03-18T15:43:48+03:00,niiroobiro,Add files via upload,M,eng/.gitbook/assets/kenyalaw--IMG_0236 3.jpg,6af226f5c2fa85fef1f16fcfbbcbea7be26656b5
e413ac058668f0aa96d5da9de234b8c49e6d3269,2025-03-18T15:43:48+03:00,niiroobiro,Add files via upload,M,eng/.gitbook/assets/kenyalaw--IMG_0237 2.jpg,f8140f9b6b6b111b18a15da86bc6e4c86fdf8a1c
e413ac058668f0aa96d5da9de234b8c49e6d3269,2025-03-18T15:43:48+03:00,niiroobiro,Add files via upload,M,eng/.gitbook/assets/kenyalaw--Law Lib 10.png,8bc9e596674410ae527f9cb25db6167624533c2d
e413ac058668f0aa96d5da9de234b8c49e6d3269,2025-03-18T15:43:48+03:00,niiroobiro,Add files via upload,M,eng/.gitbook/assets/kenyalaw--Law Lib 7.png,2de68e21e58a812ee7e8386569e42cf6ae3f9c97
e413ac058668f0aa96d5da9de234b8c49e6d3269,2025-03-18T15:43:48+03:00,niiroobiro,Add files via upload,M,eng/.gitbook/assets/kenyalaw--Law Lib 8.png,e20bb837cd2ec246e71a1f7f31bb1e48046f3e5d
e413ac058668f0aa96d5da9de234b8c49e6d3269,2025-03-18T15:43:48+03:00,niiroobiro,Add files via upload,M,eng/.gitbook/assets/kenyalaw--Law Lib 9.png,3e92bdc5046f16c474a1e9e905fad6b7b267839a
e413ac058668f0aa96d5da9de234b8c49e6d3269,2025-03-18T15:43:48+03:00,niiroobiro,Add files via upload,M,eng/.gitbook/assets/kenyalaw--Law lib 1 (1).png,7d73bfde000351dc43875005252e09fa58df1f3f
e413ac058668f0aa96d5da9de234b8c49e6d3269,2025-03-18T15:43:48+03:00,niiroobiro,Add files via upload,M,eng/.gitbook/assets/kenyalaw--Law lib 1.png,72f78de6f8dc998a8e186e75b21b93477f480054
e413ac058668f0aa96d5da9de234b8c49e6d3269,2025-03-18T15:43:48+03:00,niiroobiro,Add files via upload,M,eng/.gitbook/assets/kenyalaw--Law lib 2 (1).png,5523ba039a5e7c6cace372f0178e713e0e845da6
e413ac058668f0aa96d5da9de234b8c49e6d3269,2025-03-18T15:43:48+03:00,niiroobiro,Add files via upload,M,eng/.gitbook/assets/kenyalaw--Law lib 3 (1).png,7dd22378860568e4f00078dbd34d012afc184a8f
e413ac058668f0aa96d5da9de234b8c49e6d3269,2025-03-18T15:43:48+03:00,niiroobiro,Add files via upload,M,eng/.gitbook/assets/kenyalaw--Law lib 4.png,ee424c53a90feab05813349dcf91095ed9cd875a
e413ac058668f0aa96d5da9de234b8c49e6d3269,2025-03-18T15:43:48+03:00,niiroobiro,Add files via upload,M,eng/.gitbook/assets/kenyalaw--Law lib 5.png,141d5d58f50c588d851873d3680f86b9951d8e50
e413ac058668f0aa96d5da9de234b8c49e6d3269,2025-03-18T15:43:48+03:00,niiroobiro,Add files via upload,M,eng/.gitbook/assets/kenyalaw--Law lib 6.png,fae827506a44a9f168192ddad0c0d75ecb2683b6
e413ac058668f0aa96d5da9de234b8c49e6d3269,2025-03-18T15:43:48+03:00,niiroobiro,Add files via upload,M,eng/.gitbook/assets/kenyalaw--Save doc 1.png,5eebed913073ae09a6de5dd3bb09f9be5f1c6867
e413ac058668f0aa96d5da9de234b8c49e6d3269,2025-03-18T15:43:48+03:00,niiroobiro,Add files via upload,M,eng/.gitbook/assets/kenyalaw--TOC.png,8a4afd2556a17c8d0a33c9e0ac274a3f673c0df5
e413ac058668f0aa96d5da9de234b8c49e6d3269,2025-03-18T15:43:48+03:00,niiroobiro,Add files via upload,M,eng/.gitbook/assets/kenyalaw--judges.png,3eadb77f63d8fdc3681717bfbaffb1535b6701d8
e413ac058668f0aa96d5da9de234b8c49e6d3269,2025-03-18T15:43:48+03:00,niiroobiro,Add files via upload,M,eng/.gitbook/assets/kenyalaw--legislation 10.png,5e6b5372f196aa9e0242613bc736dfbecbff51cc
e413ac058668f0aa96d5da9de234b8c49e6d3269,2025-03-18T15:43:48+03:00,niiroobiro,Add files via upload,M,eng/.gitbook/assets/kenyalaw--legislation 4.png,86d16bcc5023e72812b36d0934561f04cc5c901e
e413ac058668f0aa96d5da9de234b8c49e6d3269,2025-03-18T15:43:48+03:00,niiroobiro,Add files via upload,M,eng/.gitbook/assets/kenyalaw--legislation 5.png,1eba1fcb78c5914ec5293dba28626266093066d0
e413ac058668f0aa96d5da9de234b8c49e6d3269,2025-03-18T15:43:48+03:00,niiroobiro,Add files via upload,M,eng/.gitbook/assets/kenyalaw--legislation 6.png,07182d4776dcc8d390cb437add9808a4acb99417
e413ac058668f0aa96d5da9de234b8c49e6d3269,2025-03-18T15:43:48+03:00,niiroobiro,Add files via upload,M,eng/.gitbook/assets/kenyalaw--legislation 7 (1).png,d377ebfe578cdf5d8fef43abfe4a82cfbe34db34
e413ac058668f0aa96d5da9de234b8c49e6d3269,2025-03-18T15:43:48+03:00,niiroobiro,Add files via upload,M,eng/.gitbook/assets/kenyalaw--legislation 8.png,68d8799770ab4817075f213f1a3a9bad2f267fe8
e413ac058668f0aa96d5da9de234b8c49e6d3269,2025-03-18T15:43:48+03:00,niiroobiro,Add files via upload,M,eng/.gitbook/assets/kenyalaw--legislation 9.png,56011ab151329de72e4982b1951e6b28347fd850
e413ac058668f0aa96d5da9de234b8c49e6d3269,2025-03-18T15:43:48+03:00,niiroobiro,Add files via upload,M,eng/.gitbook/assets/kenyalaw--save doc 2.png,3a6eed36af465ec19625e4cae02ecd540c7b9aa7
e413ac058668f0aa96d5da9de234b8c49e6d3269,2025-03-18T15:43:48+03:00,niiroobiro,Add files via upload,M,eng/.gitbook/assets/kenyalaw--save doc 3.png,276d28a7d76392ec98c2c2cefa19c28878f9777b
e413ac058668f0aa96d5da9de234b8c49e6d3269,2025-03-18T15:43:48+03:00,niiroobiro,Add files via upload,M,eng/.gitbook/assets/kenyalaw--save doc 4.png,aa6436611f74bda4f74b44c420ed2e1e3ad87691
e413ac058668f0aa96d5da9de234b8c49e6d3269,2025-03-18T15:43:48+03:00,niiroobiro,Add files via upload,M,eng/.gitbook/assets/kenyalaw--year court.png,a474d17d895cbc15177a396c31374bc3dd1c868c
76da2d8c974800ce2723c0e8806370460b4383bf,2025-03-19T14:38:25+03:00,niiroobiro,Add files via upload,M,eng/.gitbook/assets/ghalii--IMG_0235 2 (2).jpg,018d052395d0e3ed063367ddfd54e1412fe4ed2f
76da2d8c974800ce2723c0e8806370460b4383bf,2025-03-19T14:38:25+03:00,niiroobiro,Add files via upload,M,eng/.gitbook/assets/ghalii--IMG_0236 3.jpg,9a6978f2b2f4c780f2212c0762575b2d896ec309
76da2d8c974800ce2723c0e8806370460b4383bf,2025-03-19T14:38:25+03:00,niiroobiro,Add files via upload,M,eng/.gitbook/assets/ghalii--IMG_0237 2.jpg,e5876c904b95190879401a4fe0157faee8d7ce9d
76da2d8c974800ce2723c0e8806370460b4383bf,2025-03-19T14:38:25+03:00,niiroobiro,Add files via upload,M,eng/.gitbook/assets/ghalii--Law Lib 10.png,98f99f48daa28d20ec14f2085d551068211be356
76da2d8c974800ce2723c0e8806370460b4383bf,2025-03-19T14:38:25+03:00,niiroobiro,Add files via upload,M,eng/.gitbook/assets/ghalii--Law Lib 7.png,4963cfff51cd365115f3cb3cfd7e3a26edeff6f5
76da2d8c974800ce2723c0e8806370460b4383bf,2025-03-19T14:38:25+03:00,niiroobiro,Add files via upload,M,eng/.gitbook/assets/ghalii--Law Lib 8.png,349e4c126a7a9a21340827463f4f217f4ec27d63
76da2d8c974800ce2723c0e8806370460b4383bf,2025-03-19T14:38:25+03:00,niiroobiro,Add files via upload,M,eng/.gitbook/assets/ghalii--Law Lib 9.png,abc50793cebcd7112fa6a2a24ef75839b82fe9dd
76da2d8c974800ce2723c0e8806370460b4383bf,2025-03-19T14:38:25+03:00,niiroobiro,Add files via upload,M,eng/.gitbook/assets/ghalii--Law lib 1 (1).png,944cf22d79ad5a8efb0ea1ba2dc1050232835f61
76da2d8c974800ce2723c0e8806370460b4383bf,2025-03-19T14:38:25+03:00,niiroobiro,Add files via upload,M,eng/.gitbook/assets/ghalii--Law lib 1.png,92dc8c2f1fa790764e9862069268794883448458
76da2d8c974800ce2723c0e8806370460b4383bf,2025-03-19T14:38:25+03:00,niiroobiro,Add files via upload,M,eng/.gitbook/assets/ghalii--Law lib 2 (1).png,d4e4192b64346981b7fede49e041fd4351b2c268
76da2d8c974800ce2723c0e8806370460b4383bf,2025-03-19T14:38:25+03:00,niiroobiro,Add files via upload,M,eng/.gitbook/assets/ghalii--Law lib 3 (1).png,30bee23c0fc2023a2bbb23329778702db7e73468
76da2d8c974800ce2723c0e8806370460b4383bf,2025-03-19T14:38:25+03:00,niiroobiro,Add files via upload,M,eng/.gitbook/assets/ghalii--Updates Pocket Law.png,3629cac662b74092a58d736de73fcc15478a0d55
76da2d8c974800ce2723c0e8806370460b4383bf,2025-03-19T14:38:25+03:00,niiroobiro,Add files via upload,M,eng/.gitbook/assets/ghalii--content packs.png,c09750463236f0c59e80b85612a285b72f0d4ac3
76da2d8c974800ce2723c0e8806370460b4383bf,2025-03-19T14:38:25+03:00,niiroobiro,Add files via upload,M,eng/.gitbook/assets/ghalii--legislation 10.png,525e3422e11e37232c83517d5b4c0bab1b9c6138
76da2d8c974800ce2723c0e8806370460b4383bf,2025-03-19T14:38:25+03:00,niiroobiro,Add files via upload,M,eng/.gitbook/assets/ghalii--legislation 7 (1).png,346eb811cf1e1a30d65a49d57e3e85354704d886
76da2d8c974800ce2723c0e8806370460b4383bf,2025-03-19T14:38:25+03:00,niiroobiro,Add files via upload,M,eng/.gitbook/assets/ghalii--legislation 8.png,7db42aa2003e9661d2da1ab3bfc33d4023ad6709
76da2d8c974800ce2723c0e8806370460b4383bf,2025-03-19T14:38:25+03:00,niiroobiro,Add files via upload,M,eng/.gitbook/assets/ghalii--legislation 9.png,013c08350c72c9948d785ae0c6328b18ac6756ea
76da2d8c974800ce2723c0e8806370460b4383bf,2025-03-19T14:38:25+03:00,niiroobiro,Add files via upload,M,eng/.gitbook/assets/ghalii--tz 17.png,947aa31b50b7778d4305ab7c33bf5e516da47928
f05dfb19066bd2ba7cada21e4c64f737075a7383,2025-04-01T16:00:58+03:00,niiroobiro,Add files via upload,M,eng/.gitbook/assets/tanzlii--follow 1.png,0b2685c3bb494eba1fd3574719bfdc40ed0b32de
f05dfb19066bd2ba7cada21e4c64f737075a7383,2025-04-01T16:00:58+03:00,niiroobiro,Add files via upload,M,eng/.gitbook/assets/tanzlii--follow 5.png,38085bea50fb025c21419e487fd84146700111aa
f05dfb19066bd2ba7cada21e4c64f737075a7383,2025-04-01T16:00:58+03:00,niiroobiro,Add files via upload,M,eng/.gitbook/assets/tanzlii--follow 6.png,df67b16cd72c7d4027dc31eaa6bac88d8ed4796f
